model,parameters,best_val_loss,best_val_accuracy,total_compute
rnn,969537,1.4883777839796883,0.5574158170591614,232.8822455406189
cnn,689217,1.6053232252597809,0.5312769241815049,131.85351300239563
transformer,1219137,1.639401525259018,0.5138883902929351,374.64287543296814
gru,822849,1.4665013892310006,0.5637385123492246,270.56715083122253
lstm,1086017,1.499770543404988,0.5560561458931649,337.5780799388885
